Turnamen Name,Team,Game,Net total,Net Mean,Net Min,Net Max,XPM Total,XPM Max,XPM Min,XPM Mean,GPM Total,GPM Max,GPM Min,GPM Mean,Game Time,Label
The International 2022,Secret,LowerBracketFinal_Game1,61200,12240,4700,20600,2899,972,421,579.8,2405,751,341,481,28,WIN
The International 2022,Liquid,LowerBracketFinal_Game1,44600,8920,4300,15300,2146,663,254,429.2,1783,552,214,356.6,28,LOSE
The International 2022,Tundra,UpperBracketFinal_Game2,78500,15700,6900,26100,2975,785,463,595,2332,748,291,466.4,45,LOSE
The International 2022,Secret,UpperBracketFinal_Game2,98600,19720,8600,29900,3628,900,572,725.6,2620,750,274,524,45,WIN
The International 2022,Secret,UpperBracketFinal_Game3,49100,9820,4300,15300,2074,590,272,414.8,1828,542,211,365.6,36,LOSE
The International 2022,Tundra,UpperBracketFinal_Game3,91700,18340,12300,27400,3196,747,554,639.2,2527,637,395,505.4,36,WIN
The International 2022,Secret,UpperBracketFinal_Game1,127600,25520,10700,41500,2945,778,411,589,2736,914,267,547.2,68,LOSE
The International 2022,Tundra,UpperBracketFinal_Game1,189100,37820,22200,64900,3263,746,615,652.6,3285,1124,465,657,68,WIN
The International 2022,Liquid,LowerBracketFinal_Game2,86100,17220,7700,26500,3177,791,451,635.4,2359,680,261,471.8,40,WIN
The International 2022,Secret,LowerBracketFinal_Game2,59600,11920,5400,17900,2418,565,318,483.6,1916,514,221,383.2,40,LOSE
The International 2022,Secret,LowerBracketFinal_Game3,93000,18600,8800,28200,3335,803,507,667,2573,639,348,514.6,39,WIN
The International 2022,Liquid,LowerBracketFinal_Game3,65100,13020,6100,20700,2527,708,331,505.4,2012,631,228,402.4,39,LOSE
The International 2022,Secret,GrandFinal_Game1,61400,12280,5100,20000,2075,580,304,415,1852,608,188,370.4,41,LOSE
The International 2022,Tundra,GrandFinal_Game1,108600,21720,15900,35700,3262,691,604,652.4,2840,906,430,568,41,WIN
The International 2022,Secret,GrandFinal_Game2,77800,15560,6100,23900,2788,691,256,557.6,2285,635,230,457,41,LOSE
The International 2022,Tundra,GrandFinal_Game2,101000,20200,10000,37400,3124,872,441,624.8,2681,901,304,536.2,41,WIN
The International 2022,Secret,GrandFinal_Game3,82000,16400,6500,30800,2405,802,258,481,2257,810,206,451.4,45,LOSE
The International 2022,Tundra,GrandFinal_Game3,113700,22740,12800,37100,3613,835,568,722.6,2729,834,347,545.8,45,WIN
The International 2022,Aster,LowerBracketRound5_Game1,84200,16840,8900,21900,3110,736,456,622,2262,567,311,452.4,45,LOSE
The International 2022,Liquid,LowerBracketRound5_Game1,94900,18980,9400,30000,3159,847,403,631.8,2361,716,314,472.2,45,WIN
The International 2022,Aster,LowerBracketRound5_Game2,85600,17120,9000,28200,2992,702,482,598.4,2396,715,298,479.2,38,WIN
The International 2022,Liquid,LowerBracketRound5_Game2,59700,11940,5400,17400,2415,659,266,483,1924,540,218,384.8,38,LOSE
The International 2022,Aster,LowerBracketRound5_Game3,57100,11420,4400,16700,1826,517,237,365.2,1675,491,199,335,39,LOSE
The International 2022,Liquid,LowerBracketRound5_Game3,98500,19700,9600,33200,3110,959,449,622,2567,899,297,513.4,39,WIN
The International 2022,PSG.LGD,LowerBracketRound4.1_Game1,72300,14460,6700,21000,2555,663,366,511,1934,493,264,386.8,43,LOSE
The International 2022,Aster,LowerBracketRound4.1_Game1,89500,17900,6900,26900,3082,820,383,616.4,2303,664,247,460.6,43,WIN
The International 2022,PSG.LGD,LowerBracketRound4.1_Game2,73000,14600,7100,26300,2341,733,302,468.2,2050,712,256,410,42,LOSE
The International 2022,Aster,LowerBracketRound4.1_Game2,108100,21620,8200,29900,3392,838,468,678.4,2638,722,265,527.6,42,WIN
The International 2022,Thunder Awaken,LowerBracketRound4.2_Game1,118200,23640,11200,35000,3510,862,446,702,2603,783,304,520.6,58,WIN
The International 2022,Liquid,LowerBracketRound4.2_Game1,132200,26440,13500,40100,3484,898,524,696.8,2680,823,335,536,58,WIN
The International 2022,Thunder Awaken,LowerBracketRound4.2_Game2,51100,10220,3000,19800,2213,618,237,442.6,1771,587,165,354.2,36,LOSE
The International 2022,Liquid,LowerBracketRound4.2_Game2,86000,17200,8600,26000,3371,987,438,674.2,2520,742,297,504,36,LOSE
The International 2022,Thunder Awaken,LowerBracketRound4.2_Game3,102100,20420,11600,30200,3594,853,615,718.8,2610,707,333,522,51,LOSE
The International 2022,Liquid,LowerBracketRound4.2_Game3,102600,20520,10100,26600,3356,823,463,671.2,2555,676,308,511,51,WIN
The International 2022,PSG.LGD,LowerBracketRound3.1_Game1,97800,19560,7100,30400,2902,761,300,580.4,2328,718,246,465.6,52,LOSE
The International 2022,Beastcoast,LowerBracketRound3.1_Game1,123000,24600,12000,34300,3305,823,443,661,2645,795,332,529,52,WIN
The International 2022,PSG.LGD,LowerBracketRound3.1_Game2,79100,15820,7500,23500,3436,866,496,687.2,2527,676,312,505.4,34,WIN
The International 2022,Beastcoast,LowerBracketRound3.1_Game2,55800,11160,4300,18600,2497,708,280,499.4,1894,589,216,378.8,34,LOSE
The International 2022,PSG.LGD,LowerBracketRound3.1_Game3,92000,18400,8300,31100,3574,876,588,714.8,2524,830,257,504.8,40,WIN
The International 2022,Beastcoast,LowerBracketRound3.1_Game3,70200,14040,5500,23600,2623,662,366,524.6,2052,644,208,410.4,40,LOSE
The International 2022,OG,LowerBracketRound3.2_Game1,58500,11700,4900,15900,2280,599,310,456,1859,486,198,371.8,34,LOSE
The International 2022,Liquid,LowerBracketRound3.2_Game1,71700,14340,8200,20200,3218,878,478,643.6,2533,701,331,506.6,34,WIN
The International 2022,OG,LowerBracketRound3.2_Game2,51700,10340,4200,15200,2099,577,223,419.8,1885,550,185,377,34,LOSE
The International 2022,Liquid,LowerBracketRound3.2_Game2,84800,16960,7100,26600,3567,957,458,713.4,2665,778,271,533,34,WIN
The International 2022,Secret,UpperBracketRound2.1_Game1,104000,20800,9700,36800,3543,860,523,708.6,2515,747,299,503,45,WIN
The International 2022,Thunder Awaken,UpperBracketRound2.1_Game1,70200,14040,5500,25200,2603,812,248,520.6,2119,699,239,423.8,45,LOSE
The International 2022,Secret,UpperBracketRound2.1_Game2,96800,19360,9800,26600,3454,823,512,690.8,2502,722,310,500.4,42,WIN
The International 2022,Thunder Awaken,UpperBracketRound2.1_Game2,65800,13160,5700,22300,2191,702,195,438.2,1953,583,180,390.6,42,LOSE
The International 2022,Tundra,UpperBracketRound2.2_Game1,126600,25320,13500,38400,3365,773,563,673,2743,822,341,548.6,50,WIN
The International 2022,Aster,UpperBracketRound2.2_Game1,81100,16220,6100,24600,2561,679,349,512.2,1930,528,230,386,50,LOSE
The International 2022,Tundra,UpperBracketRound2.2_Game2,87300,17460,12300,22600,3073,786,464,614.6,2370,603,352,474,41,WIN
The International 2022,Aster,UpperBracketRound2.2_Game2,69700,13940,7400,23700,2215,587,299,443,1985,616,240,397,41,LOSE
The International 2022,Evil Geniuses,UpperBracketRound1.1_Game1,75300,15060,6500,27900,2444,839,320,488.8,1923,635,217,384.6,48,LOSE
The International 2022,Thunder Awaken,UpperBracketRound1.1_Game1,107600,21520,11100,35900,3380,899,458,676,2529,787,290,505.8,48,WIN
The International 2022,Evil Geniuses,UpperBracketRound1.1_Game2,38000,7600,3200,11600,1876,497,240,375.2,1583,449,191,316.6,30,LOSE
The International 2022,Thunder Awaken,UpperBracketRound1.1_Game2,60100,12020,5600,18700,2981,762,412,596.2,2371,683,287,474.2,30,WIN
The International 2022,PSG.LGD,UpperBracketRound1.2_Game1,30600,6120,3400,8800,1619,440,242,323.8,1407,383,169,281.4,24,LOSE
The International 2022,Secret,UpperBracketRound1.2_Game1,47600,9520,4700,14300,2889,811,431,577.8,2261,660,244,452.2,24,WIN
The International 2022,PSG.LGD,UpperBracketRound1.2_Game2,83100,16620,6400,24800,2916,799,405,583.2,2055,590,212,411,51,LOSE
The International 2022,Secret,UpperBracketRound1.2_Game2,118200,23640,12100,41200,3692,961,623,738.4,2545,825,294,509,51,WIN
The International 2022,Tundra,UpperBracketRound1.3_Game1,51400,10280,6200,14100,2693,653,394,538.6,2280,586,287,456,25,WIN
The International 2022,OG,UpperBracketRound1.3_Game1,34800,6960,3200,11200,1763,468,184,352.6,1611,461,183,322.2,25,LOSE
The International 2022,Tundra,UpperBracketRound1.3_Game2,79300,15860,10300,21800,3266,799,531,653.2,2288,593,344,457.6,39,WIN
The International 2022,OG,UpperBracketRound1.3_Game2,66300,13260,5200,21100,2568,722,259,513.6,2021,593,205,404.2,39,LOSE
The International 2022,Aster,UpperBracketRound1.4_Game1,90800,18160,7100,29100,3184,757,418,636.8,2354,715,268,470.8,43,WIN
The International 2022,Liquid,UpperBracketRound1.4_Game1,74400,14880,6300,24500,2337,633,226,467.4,1968,625,195,393.6,43,LOSE
The International 2022,Aster,UpperBracketRound1.4_Game2,101100,20220,10500,37700,2963,691,488,592.6,2463,831,317,492.6,43,WIN
The International 2022,Liquid,UpperBracketRound1.4_Game2,79500,15900,7300,23500,2900,737,404,580,2277,636,240,455.4,43,LOSE
The International 2022,Evil Geniuses,LowerBracketRound2.1_Game1,59000,11800,5900,20600,2219,547,332,443.8,1919,609,233,383.8,37,LOSE
The International 2022,Beastcoast,LowerBracketRound2.1_Game1,81700,16340,7400,21600,3285,879,417,657,2568,689,297,513.6,37,WIN
The International 2022,Evil Geniuses,LowerBracketRound2.1_Game2,72300,14460,7400,24200,2509,642,325,501.8,2087,614,257,417.4,42,LOSE
The International 2022,Beastcoast,LowerBracketRound2.1_Game2,100300,20060,7900,32600,2812,866,331,562.4,2547,841,242,509.4,42,WIN
The International 2022,Boom Esport,LowerBracketRound2.2_Game1,43300,8660,3400,14000,1858,511,260,371.6,1618,485,193,323.6,30,LOSE
The International 2022,PSG.LGD,LowerBracketRound2.2_Game1,63500,12700,7900,17000,2583,744,333,516.6,2301,627,322,460.2,30,WIN
The International 2022,Boom Esport,LowerBracketRound2.2_Game2,59700,11940,7000,17800,2249,667,305,449.8,1964,545,238,392.8,35,LOSE
The International 2022,PSG.LGD,LowerBracketRound2.2_Game2,71500,14300,8000,19900,2663,650,401,532.6,2179,585,248,435.8,35,WIN
The International 2022,OG,LowerBracketRound2.3_Game1,95800,19160,9800,30800,3382,931,449,676.4,2612,798,320,522.4,40,WIN
The International 2022,Gaimin Gladiators,LowerBracketRound2.3_Game1,62500,12500,6600,20400,2208,541,311,441.6,1900,547,215,380,40,LOSE
The International 2022,OG,LowerBracketRound2.3_Game2,103200,20640,8300,35300,3240,888,431,648,2360,677,276,472,55,LOSE
The International 2022,Gaimin Gladiators,LowerBracketRound2.3_Game2,107100,21420,9600,29800,3490,817,569,698,2443,621,297,488.6,55,WIN
The International 2022,OG,LowerBracketRound2.3_Game3,101400,20280,11800,31500,3188,876,386,637.6,2678,778,347,535.6,42,WIN
The International 2022,Gaimin Gladiators,LowerBracketRound2.3_Game3,69600,13920,4000,20700,2593,729,303,518.6,2086,604,216,417.2,42,LOSE
The International 2022,Liquid,LowerBracketRound2.4_Game1,72500,14500,7200,22400,2799,772,407,559.8,2349,707,279,469.8,34,WIN
The International 2022,Entity,LowerBracketRound2.4_Game1,52700,10540,3700,17900,1700,529,210,340,1719,558,161,343.8,34,LOSE
The International 2022,Liquid,LowerBracketRound2.4_Game2,71900,14380,6100,23000,2640,809,337,528,2008,632,206,401.6,44,LOSE
The International 2022,Entity,LowerBracketRound2.4_Game2,102500,20500,9600,35500,3333,875,377,666.6,2621,837,296,524.2,44,WIN
The International 2022,Liquid,LowerBracketRound2.4_Game3,110900,22180,10800,32500,3463,833,432,692.6,2624,693,334,524.8,52,WIN
The International 2022,Entity,LowerBracketRound2.4_Game3,97500,19500,9000,34900,3195,917,403,639,2380,710,268,476,52,LOSE
The International 2022,Beastcoast,LowerBracketRound1.1_Game1,78600,15720,7300,26000,2786,797,335,557.2,2408,747,259,481.6,37,WIN
The International 2022,Hokori,LowerBracketRound1.1_Game1,61300,12260,4900,21500,2163,611,242,432.6,1845,599,197,369,37,LOSE
The International 2022,Boom Esport,LowerBracketRound1.2_Game1,88600,17720,9000,29400,2756,721,400,551.2,2331,721,400,466.2,41,WIN
The International 2022,Team Spirit,LowerBracketRound1.2_Game1,65600,13120,4800,22300,2128,575,283,425.6,1836,580,184,367.2,41,LOSE
The International 2022,Fnatic,LowerBracketRound1.3_Game1,94700,18940,6000,28200,2814,762,337,562.8,2224,652,255,444.8,51,LOSE
The International 2022,Gaimin Gladiators,LowerBracketRound1.3_Game1,111800,22360,10400,39900,3226,823,454,645.2,2678,882,306,535.6,51,WIN
The International 2022,Royal Never Give Up,LowerBracketRound1.4_Game1,207400,41480,22200,72500,2518,677,332,503.6,3054,984,358,610.8,108,LOSE
The International 2022,Entity,LowerBracketRound1.4_Game1,316100,63220,36800,95500,2976,749,437,595.2,3657,913,488,731.4,108,WIN
The International 2022,Evil Geniuses,GroupStageDay1.1A_Game1,71800,14360,6400,21200,2927,773,367,585.4,2345,653,248,469,33,WIN
The International 2022,Soniqs,GroupStageDay1.1A_Game1,53600,10720,3500,18000,2051,600,237,410.2,1847,567,186,369.4,33,LOSE
The International 2022,Evil Geniuses,GroupStageDay1.1A_Game2,47600,9520,5400,13200,2244,530,310,448.8,2213,530,310,442.6,24,WIN
The International 2022,Soniqs,GroupStageDay1.1A_Game2,33400,6680,2500,10500,1753,530,222,350.6,1594,470,178,318.8,24,LOSE
The International 2022,Thunder Awaken,GroupStageDay1.2A_Game1,37300,7460,2900,13200,1596,553,163,319.2,1516,499,159,303.2,27,LOSE
The International 2022,Secret,GroupStageDay1.2A_Game1,57700,11540,6800,15200,2588,654,372,517.6,2380,599,320,476,27,WIN
The International 2022,Thunder Awaken,GroupStageDay1.2A_Game2,64300,12860,6200,20800,3097,918,313,619.4,2515,767,294,503,29,WIN
The International 2022,Secret,GroupStageDay1.2A_Game2,42600,8520,4200,11300,1676,474,198,335.2,1650,422,203,330,29,LOSE
The International 2022,Evil Geniuses,GroupStageDay1.3A_Game1,60000,12000,6000,18700,2729,725,424,545.8,2247,657,268,449.4,30,WIN
The International 2022,PSG.LGD,GroupStageDay1.3A_Game1,46800,9360,5000,15700,2084,635,292,416.8,1766,546,240,353.2,30,LOSE
The International 2022,Evil Geniuses,GroupStageDay1.3A_Game2,111200,22240,12900,29900,3357,751,589,671.4,2597,669,344,519.4,51,WIN
The International 2022,PSG.LGD,GroupStageDay1.3A_Game2,113100,22620,14200,34800,3026,734,426,605.2,2541,679,359,508.2,51,LOSE
The International 2022,Entity,GroupStageDay1.4A_Game1,56800,11360,4200,18400,2397,669,321,479.4,1909,570,202,381.8,39,LOSE
The International 2022,Team Spirit,GroupStageDay1.4A_Game1,94000,18800,8800,26900,3307,908,477,661.4,2626,717,271,525.2,39,WIN
The International 2022,Entity,GroupStageDay1.4A_Game2,52600,10520,4500,18400,2135,252,585,427,1878,644,199,375.6,34,LOSE
The International 2022,Team Spirit,GroupStageDay1.4A_Game2,73900,14780,4700,23700,3126,882,412,625.2,2460,741,213,492,34,WIN
The International 2022,Evil Geniuses,GroupStageDay1.5A_Game1,124200,24840,11400,38000,3512,832,536,702.4,2703,717,344,540.6,53,WIN
The International 2022,OG,GroupStageDay1.5A_Game1,98500,19700,7700,38700,2923,748,407,584.6,2322,775,251,464.4,53,LOSE
The International 2022,Evil Geniuses,GroupStageDay1.5A_Game2,54400,10880,5800,15200,2760,673,314,552,2420,667,292,484,25,WIN
The International 2022,OG,GroupStageDay1.5A_Game2,33000,6600,3100,9300,1754,485,214,350.8,1557,436,170,311.4,25,LOSE
The International 2022,Royal Never Give Up,GroupStageDay1.1B_Game1,109400,21880,13800,31900,2770,718,438,554,2187,614,287,437.4,58,LOSE
The International 2022,Liquid,GroupStageDay1.1B_Game1,121300,24260,12600,41500,3053,733,393,610.6,2498,710,341,499.6,58,WIN
The International 2022,Royal Never Give Up,GroupStageDay1.1B_Game2,41800,8360,4300,12200,2411,628,349,482.2,2276,621,241,455.2,21,WIN
The International 2022,Liquid,GroupStageDay1.1B_Game2,25800,5160,2700,7500,1560,465,172,312,1357,395,171,271.4,21,LOSE
The International 2022,Fnatic,GroupStageDay1.2B_Game1,60800,12160,5200,17500,2084,547,268,416.8,1982,531,239,396.4,35,LOSE
The International 2022,Team Spirit,GroupStageDay1.2B_Game1,75600,15120,8000,23100,2814,827,383,562.8,2381,691,281,476.2,35,WIN
The International 2022,Fnatic,GroupStageDay1.2B_Game2,112100,22420,12400,43000,3193,724,488,638.6,2683,860,341,536.6,50,WIN
The International 2022,Team Spirit,GroupStageDay1.2B_Game2,100600,20120,9600,32300,3044,773,448,608.8,2379,725,268,475.8,50,LOSE
The International 2022,Soniqs,GroupStageDay1.3B_Game1,108300,21660,11900,36200,3466,837,590,693.2,2498,773,302,499.6,48,WIN
The International 2022,Liquid,GroupStageDay1.3B_Game1,76400,15280,8900,22800,2368,643,314,473.6,1855,525,228,371,48,LOSE
The International 2022,Soniqs,GroupStageDay1.3B_Game2,130300,26060,16300,38300,3363,819,495,672.6,2641,731,367,528.2,63,LOSE
The International 2022,Liquid,GroupStageDay1.3B_Game2,146100,29220,11300,44900,2963,784,463,592.6,2732,908,245,546.4,63,WIN
The International 2022,Fnatic,GroupStageDay1.4B_Game1,55100,11020,5000,16300,2242,646,302,448.4,1947,503,197,389.4,37,LOSE
The International 2022,Thunder Awaken,GroupStageDay1.4B_Game1,85700,17140,8300,29600,3471,979,411,694.2,2592,892,282,518.4,37,WIN
The International 2022,Fnatic,GroupStageDay1.4B_Game2,54500,10900,6400,15700,2360,637,283,472,1982,598,245,396.4,32,LOSE
The International 2022,Thunder Awaken,GroupStageDay1.4B_Game2,69500,13900,6400,21000,3377,958,406,675.4,2500,750,270,500,32,WIN
The International 2022,Soniqs,GroupStageDay1.5B_Game1,57000,11400,4300,18500,2349,647,301,469.8,1848,535,187,369.6,37,LOSE
The International 2022,PSG.LGD,GroupStageDay1.5B_Game1,84300,16860,7500,23700,3117,808,352,623.4,2471,686,254,494.2,37,WIN
The International 2022,Soniqs,GroupStageDay1.5B_Game2,108500,21700,10400,30600,3369,799,468,673.8,2577,622,336,515.4,45,WIN
The International 2022,PSG.LGD,GroupStageDay1.5B_Game2,80700,16140,7700,30500,2450,888,254,490,2152,724,238,430.4,45,LOSE
The International 2022,Hokori,GroupStageDay1.1C_Game1,81500,16300,5200,28900,2508,713,286,501.6,2234,707,248,446.8,44,LOSE
The International 2022,PSG.LGD,GroupStageDay1.1C_Game1,100400,20080,7900,40200,2905,801,398,581,2478,868,280,495.6,44,WIN
The International 2022,Hokori,GroupStageDay1.1C_Game2,77700,15540,5600,24600,2983,851,411,596.6,2279,725,255,455.8,36,WIN
The International 2022,PSG.LGD,GroupStageDay1.1C_Game2,58600,11720,4300,18500,2183,738,258,436.6,1857,563,180,371.4,36,LOSE
The International 2022,Beastcoast,GroupStageDay1.2C_Game1,44300,8860,4200,14800,1834,505,264,366.8,1666,536,211,333.2,31,LOSE
The International 2022,Entity,GroupStageDay1.2C_Game1,64300,12860,6800,19000,3233,935,438,646.6,2372,669,298,474.4,31,WIN
The International 2022,Beastcoast,GroupStageDay1.2C_Game2,62500,12500,6200,21300,3211,912,450,642.2,2523,832,261,504.6,28,WIN
The International 2022,Entity,GroupStageDay1.2C_Game2,43300,8660,2800,12900,2034,638,225,406.8,1784,536,174,356.8,28,LOSE
The International 2022,Hokori,GroupStageDay1.3C_Game1,71400,14280,6800,26000,2353,726,272,470.6,1944,624,199,388.8,44,LOSE
The International 2022,Boom Esport,GroupStageDay1.3C_Game1,104700,20940,9800,32300,3605,896,396,721,2628,825,312,525.6,44,WIN
The International 2022,Hokori,GroupStageDay1.3C_Game2,102200,20440,8300,30000,3261,824,439,652.2,2571,754,265,514.2,43,WIN
The International 2022,Boom Esport,GroupStageDay1.3C_Game2,65800,13160,3600,24400,2075,543,224,415,1871,621,199,374.2,43,LOSE
The International 2022,Secret,GroupStageDay1.4C_Game1,72300,14460,8600,21000,3077,741,276,615.4,2293,653,276,458.6,35,WIN
The International 2022,Beastcoast,GroupStageDay1.4C_Game1,61900,12380,6400,17900,2698,678,376,539.6,2148,565,266,429.6,35,LOSE
The International 2022,Secret,GroupStageDay1.4C_Game2,41300,8260,4400,12600,2761,669,306,552.2,2325,690,279,465,20,WIN
The International 2022,Beastcoast,GroupStageDay1.4C_Game2,26100,5220,3100,6900,1564,372,227,312.8,1430,350,183,286,20,LOSE
The International 2022,Liquid,GroupStageDay1.5C_Game1,71700,14340,9100,17700,3299,818,479,659.8,2537,616,358,507.4,32,WIN
The International 2022,BetBoom,GroupStageDay1.5C_Game1,45300,9060,5700,13000,1942,517,195,388.4,1763,450,243,352.6,32,LOSE
The International 2022,Liquid,GroupStageDay1.5C_Game2,56100,11220,5600,16700,2824,762,374,564.8,2257,634,262,451.4,27,WIN
The International 2022,BetBoom,GroupStageDay1.5C_Game2,41700,8340,4900,13200,2063,560,262,412.6,1807,539,235,361.4,27,LOSE
The International 2022,OG,GroupStageDay1.1D_Game1,117500,23500,11200,39700,2971,777,399,594.2,2668,811,288,533.6,50,WIN
The International 2022,Boom Esport,GroupStageDay1.1D_Game1,92500,18500,10700,28600,2593,645,358,518.6,2226,606,297,445.2,50,LOSE
The International 2022,OG,GroupStageDay1.1D_Game2,156000,31200,15900,47500,3104,800,449,620.8,3002,962,346,600.4,57,WIN
The International 2022,Boom Esport,GroupStageDay1.1D_Game2,126800,25360,11800,43000,2901,722,461,580.2,2720,817,299,544,57,LOSE
The International 2022,TSM,GroupStageDay1.2D_Game1,75500,15100,5800,22900,2738,676,358,547.6,2062,569,242,412.4,45,LOSE
The International 2022,Talon,GroupStageDay1.2D_Game1,105500,21100,7200,31400,3612,833,265,722.4,2681,744,265,536.2,45,WIN
The International 2022,TSM,GroupStageDay1.2D_Game2,84500,16900,8100,26500,3301,848,500,660.2,2524,754,295,504.8,39,WIN
The International 2022,Talon,GroupStageDay1.2D_Game2,71000,14200,5700,21600,2694,766,300,538.8,2101,618,225,420.2,39,LOSE
The International 2022,OG,GroupStageDay1.3D_Game1,75300,15060,6600,22000,3293,884,366,658.6,2391,660,249,478.2,36,WIN
The International 2022,Gaimin Gladiators,GroupStageDay1.3D_Game1,54300,10860,5500,15600,1986,545,278,397.2,1778,462,224,355.6,36,LOSE
The International 2022,OG,GroupStageDay1.3D_Game2,90200,18040,6600,30800,3254,777,432,650.8,2546,817,284,509.2,40,WIN
The International 2022,Gaimin Gladiators,GroupStageDay1.3D_Game2,68800,13760,6500,20400,2781,667,412,556.2,2139,570,282,427.8,40,LOSE
The International 2022,TSM,GroupStageDay1.4D_Game1,104200,20840,11700,35200,3316,898,455,663.2,2559,854,325,511.8,49,WIN
The International 2022,Tundra,GroupStageDay1.4D_Game1,80100,16020,8600,21200,2724,639,450,544.8,2028,468,275,405.6,49,LOSE
The International 2022,TSM,GroupStageDay1.4D_Game2,43900,8780,2800,14900,1821,521,240,364.2,1661,519,205,332.2,31,LOSE
The International 2022,Tundra,GroupStageDay1.4D_Game2,67100,13420,7200,19800,2897,695,451,579.4,2390,522,318,478,31,WIN
The International 2022,Royal Never Give Up,GroupStageDay1.5D_Game1,111200,22240,13100,30900,3179,761,511,635.8,2451,691,335,490.2,52,WIN
The International 2022,Boom Esport,GroupStageDay1.5D_Game1,84600,16920,10100,25300,2498,670,291,499.6,2113,642,255,422.6,52,LOSE
The International 2022,Royal Never Give Up,GroupStageDay1.5D_Game2,173300,34660,13300,54900,2921,757,441,584.2,2637,777,323,527.4,71,WIN
The International 2022,Boom Esport,GroupStageDay1.5D_Game2,168700,33740,8500,63600,2891,818,339,578.2,2684,970,204,536.8,71,LOSE
The International 2022,Gaimin Gladiators,GroupStageDay1.1E_Game1,103100,20620,11800,36300,3102,689,466,620.4,2345,669,309,469,46,WIN
The International 2022,BetBoom,GroupStageDay1.1E_Game1,82700,16540,8700,22900,2282,730,379,456.4,2207,595,255,441.4,46,LOSE
The International 2022,Gaimin Gladiators,GroupStageDay1.1E_Game2,132700,26540,13100,51200,3316,792,502,663.2,2754,995,307,550.8,55,WIN
The International 2022,BetBoom,GroupStageDay1.1E_Game2,102500,20500,11400,32500,3166,827,463,633.2,2426,719,342,485.2,55,LOSE
The International 2022,Tundra,GroupStageDay1.2E_Game1,53700,10740,5400,15800,2363,561,337,472.6,1876,523,241,375.2,36,LOSE
The International 2022,Aster,GroupStageDay1.2E_Game1,77500,15500,8200,26300,3340,888,485,668,2403,768,286,480.6,36,WIN
The International 2022,Tundra,GroupStageDay1.2E_Game2,138000,27600,13000,47700,3551,879,538,710.2,2799,840,338,559.8,54,WIN
The International 2022,Aster,GroupStageDay1.2E_Game2,84700,16940,10000,27300,2622,700,315,524.4,2023,580,270,404.6,54,LOSE
The International 2022,Royal Never Give Up,GroupStageDay1.3E_Game1,120000,24000,11700,45000,2960,667,484,592,2540,873,297,508,57,WIN
The International 2022,BetBoom,GroupStageDay1.3E_Game1,103100,20620,8600,33600,2985,792,421,597,2292,691,276,458.4,57,LOSE
The International 2022,Royal Never Give Up,GroupStageDay1.3E_Game2,110600,22120,9300,42800,3543,927,420,708.6,2567,808,299,513.4,48,WIN
The International 2022,BetBoom,GroupStageDay1.3E_Game2,82200,16440,9300,24100,2933,669,460,586.6,2161,569,288,432.2,48,LOSE
The International 2022,Talon,GroupStageDay1.4E_Game1,58900,11780,4800,18700,2262,706,281,452.4,1900,590,204,380,38,LOSE
The International 2022,Aster,GroupStageDay1.4E_Game1,88600,17720,8900,28800,3324,899,399,664.8,2549,776,329,509.8,38,WIN
The International 2022,Talon,GroupStageDay1.4E_Game2,48300,9660,2600,16600,1871,627,187,374.2,1709,544,191,341.8,33,LOSE
The International 2022,Aster,GroupStageDay1.4E_Game2,74300,14860,8500,20400,2886,668,462,577.2,2462,612,344,492.4,33,WIN
The International 2022,Hokori,GroupStageDay1.5E_Game1,92900,18580,10000,29300,3329,860,462,665.8,2637,834,352,527.4,38,WIN
The International 2022,Gaimin Gladiators,GroupStageDay1.5E_Game1,69400,13880,8600,18600,2647,716,337,529.4,2206,570,295,441.2,38,LOSE
The International 2022,Hokori,GroupStageDay1.5E_Game2,69600,13920,5100,22700,2414,786,247,482.8,1939,607,176,387.8,45,LOSE
The International 2022,Gaimin Gladiators,GroupStageDay1.5E_Game2,116000,23200,14600,29200,3662,869,609,732.4,2828,779,395,565.6,45,WIN
The International 2022,Secret,GroupStageDay2.1A_Game1,109700,21940,12900,30900,3609,850,604,721.8,2688,697,367,537.6,51,WIN
The International 2022,Fnatic,GroupStageDay2.1A_Game1,96700,19340,8100,29100,2866,725,415,573.2,2285,638,268,457,51,LOSE
The International 2022,Secret,GroupStageDay2.1A_Game2,93500,18700,10300,27400,2812,731,412,562.4,2341,662,273,468.2,50,LOSE
The International 2022,Fnatic,GroupStageDay2.1A_Game2,122200,24440,13300,35400,3464,775,565,692.8,2665,778,345,533,50,WIN
The International 2022,PSG.LGD,GroupStageDay2.2A_Game1,65500,13100,7700,18700,2895,751,415,579,2454,676,307,490.8,28,WIN
The International 2022,OG,GroupStageDay2.2A_Game1,39200,7840,4200,11100,1932,535,230,386.4,1650,441,197,330,28,LOSE
The International 2022,PSG.LGD,GroupStageDay2.2A_Game2,72300,14460,7200,24300,2889,872,346,577.8,2589,867,306,517.8,30,WIN
The International 2022,OG,GroupStageDay2.2A_Game2,45000,9000,3000,15100,1948,563,246,389.6,1705,535,141,341,30,LOSE
The International 2022,Aster,GroupStageDay2.3A_Game1,81300,16260,7700,22800,2533,592,329,506.6,2035,536,260,407,46,LOSE
The International 2022,Entity,GroupStageDay2.3A_Game1,95600,19120,9700,31600,3165,819,442,633,2398,738,246,479.6,46,WIN
The International 2022,Aster,GroupStageDay2.3A_Game2,64400,12880,6600,19900,2905,741,417,581,2351,713,275,470.2,30,WIN
The International 2022,Entity,GroupStageDay2.3A_Game2,43900,8780,4100,13300,1861,585,163,372.2,1652,482,174,330.4,30,LOSE
The International 2022,PSG.LGD,GroupStageDay2.4A_Game1,110100,22020,13700,33500,3589,826,593,717.8,2652,808,357,530.4,47,WIN
The International 2022,Liquid,GroupStageDay2.4A_Game1,83200,16640,7400,25600,3189,925,366,637.8,2253,621,268,450.6,47,LOSE
The International 2022,PSG.LGD,GroupStageDay2.4A_Game2,91400,18280,9300,29900,3102,839,379,620.4,2371,714,278,474.2,44,WIN
The International 2022,Liquid,GroupStageDay2.4A_Game2,76700,15340,6200,26100,2728,708,307,545.6,2130,678,221,426,44,LOSE
The International 2022,Team Spirit,GroupStageDay2.5A_Game1,103400,20680,7700,35300,2875,768,377,575,2505,866,213,501,50,LOSE
The International 2022,TSM,GroupStageDay2.5A_Game1,125700,25140,11000,42200,3375,780,540,675,2835,922,297,567,50,WIN
The International 2022,Team Spirit,GroupStageDay2.5A_Game2,94700,18940,10800,31500,3286,872,415,657.2,2690,843,344,538,40,WIN
The International 2022,TSM,GroupStageDay2.5A_Game2,67300,13460,3400,19700,2390,653,287,478,2074,571,216,414.8,40,LOSE
The International 2022,Thunder Awaken,GroupStageDay2.1B_Game1,61900,12380,6100,21900,2365,745,266,473,1811,629,202,362.2,42,LOSE
The International 2022,Entity,GroupStageDay2.1B_Game1,102800,20560,12300,30600,3662,846,608,732.4,2730,817,341,546,42,WIN
The International 2022,Thunder Awaken,GroupStageDay2.1B_Game2,68100,13620,3900,25500,2501,766,268,500.2,1989,656,187,397.8,42,LOSE
The International 2022,Entity,GroupStageDay2.1B_Game2,101400,20280,8900,36100,3233,885,414,646.6,2724,906,286,544.8,42,WIN
The International 2022,Boom Esport,GroupStageDay2.2B_Game1,48700,9740,4900,16700,2120,609,301,424,1866,545,236,373.2,33,LOSE
The International 2022,Gaimin Gladiators,GroupStageDay2.2B_Game1,72600,14520,8000,22600,3033,736,440,606.6,2441,717,307,488.2,33,WIN
The International 2022,Boom Esport,GroupStageDay2.2B_Game2,67100,13420,6700,19300,2955,768,330,591,2464,668,286,492.8,30,WIN
The International 2022,Gaimin Gladiators,GroupStageDay2.2B_Game2,41500,8300,4800,12100,1763,484,247,352.6,1623,440,250,324.6,30,LOSE
The International 2022,Beastcoast,GroupStageDay2.3B_Game1,63900,12780,6200,18400,2412,606,296,482.4,2093,540,244,418.6,37,LOSE
The International 2022,Fnatic,GroupStageDay2.3B_Game1,86100,17220,13100,22000,3341,803,443,668.2,2563,633,419,512.6,37,WIN
The International 2022,Beastcoast,GroupStageDay2.3B_Game2,45300,9060,4300,14200,2005,584,230,401,1814,524,212,362.8,29,LOSE
The International 2022,Fnatic,GroupStageDay2.3B_Game2,68000,13600,7600,21100,3174,828,440,634.8,2603,773,335,520.6,29,WIN
The International 2022,OG,GroupStageDay2.4B_Game1,65900,13180,6200,21500,2759,752,349,551.8,2249,696,245,449.8,32,WIN
The International 2022,Soniqs,GroupStageDay2.4B_Game1,44700,8940,4300,13100,1942,522,243,388.4,1648,446,193,329.6,32,LOSE
The International 2022,OG,GroupStageDay2.4B_Game2,91400,18280,8800,30500,3180,758,418,636,2230,594,297,446,47,WIN
The International 2022,Soniqs,GroupStageDay2.4B_Game2,85000,17000,8700,25200,3078,779,441,615.6,2244,616,264,448.8,47,LOSE
The International 2022,Thunder Awaken,GroupStageDay2.5B_Game1,88500,17700,10800,24100,3217,892,460,643.4,2505,678,334,501,39,WIN
The International 2022,Talon,GroupStageDay2.5B_Game1,58400,11680,4700,19600,2323,696,214,464.6,1903,558,213,380.6,39,LOSE
The International 2022,Thunder Awaken,GroupStageDay2.5B_Game2,83700,16740,7500,25100,3552,882,379,710.4,2526,698,271,505.2,37,WIN
The International 2022,Talon,GroupStageDay2.5B_Game2,53400,10680,4600,15500,2268,629,235,453.6,1755,474,214,351,37,LOSE
The International 2022,Team Spirit,GroupStageDay2.1C_Game1,74300,14860,6000,24400,2228,592,272,445.6,2147,685,212,429.4,39,LOSE
The International 2022,Talon,GroupStageDay2.1C_Game1,93100,18620,7900,30900,3093,857,465,618.6,2667,885,270,533.4,39,WIN
The International 2022,Team Spirit,GroupStageDay2.1C_Game2,105900,21180,8400,38200,3307,846,426,661.4,2636,888,269,527.2,45,WIN
The International 2022,Talon,GroupStageDay2.1C_Game2,77600,15520,4700,24500,2365,717,286,473,2002,581,236,400.4,45,LOSE
The International 2022,Soniqs,GroupStageDay2.2C_Game1,69400,13880,6000,22900,2590,814,351,518,1897,624,261,379.4,45,LOSE
The International 2022,Royal Never Give Up,GroupStageDay2.2C_Game1,93100,18620,8700,29200,3253,774,438,650.6,2308,679,285,461.6,45,WIN
The International 2022,Soniqs,GroupStageDay2.2C_Game2,32700,6540,3100,10100,1709,510,247,341.8,1600,451,189,320,24,LOSE
The International 2022,Royal Never Give Up,GroupStageDay2.2C_Game2,50500,10100,5300,15400,2500,646,329,500,2336,656,287,467.2,24,WIN
The International 2022,Secret,GroupStageDay2.3C_Game1,96700,19340,8800,27900,3632,886,506,726.4,2657,734,287,531.4,40,WIN
The International 2022,TSM,GroupStageDay2.3C_Game1,64400,12880,6800,20300,2459,712,311,491.8,1960,569,245,392,40,LOSE
The International 2022,Secret,GroupStageDay2.3C_Game2,102200,20440,11000,30500,3722,855,594,744.4,2706,747,334,541.2,43,WIN
The International 2022,TSM,GroupStageDay2.3C_Game2,66100,13220,5800,22900,2596,772,298,519.2,1968,625,228,393.6,43,LOSE
The International 2022,Royal Never Give Up,GroupStageDay2.4C_Game1,83300,16660,7800,25400,3176,891,401,635.2,2415,690,250,483,39,WIN
The International 2022,Gaimin Gladiators,GroupStageDay2.4C_Game1,63700,12740,6600,18600,2111,581,284,422.2,1923,509,268,384.6,39,LOSE
The International 2022,Royal Never Give Up,GroupStageDay2.4C_Game2,93600,18720,7300,28900,3315,897,372,663,2515,762,294,503,40,WIN
The International 2022,Gaimin Gladiators,GroupStageDay2.4C_Game2,62000,12400,5200,17700,2243,636,267,448.6,1919,556,240,383.8,40,LOSE
The International 2022,Entity,GroupStageDay2.5C_Game1,101800,20360,8900,35800,3708,892,569,741.6,2650,757,331,530,42,WIN
The International 2022,Fnatic,GroupStageDay2.5C_Game1,81300,16260,6600,27900,3030,808,400,606,2455,794,220,491,42,LOSE
The International 2022,Entity,GroupStageDay2.5C_Game2,68400,13680,5900,25000,2544,706,357,508.8,2093,673,237,418.6,42,LOSE
The International 2022,Fnatic,GroupStageDay2.5C_Game2,89000,17800,9200,27200,3157,764,503,631.4,2468,721,331,493.6,42,WIN
The International 2022,Aster,GroupStageDay2.1D_Game1,52200,10440,4200,16700,2477,636,344,495.4,2215,633,259,443,26,WIN
The International 2022,TSM,GroupStageDay2.1D_Game1,34700,6940,2400,11500,1619,420,198,323.8,1476,465,142,295.2,26,LOSE
The International 2022,Aster,GroupStageDay2.1D_Game2,84300,16860,6100,28800,2954,815,397,590.8,2342,721,255,468.4,41,WIN
The International 2022,TSM,GroupStageDay2.1D_Game2,64300,12860,5200,20400,2441,741,273,488.2,1996,617,221,399.2,41,LOSE
The International 2022,Liquid,GroupStageDay2.2D_Game1,157400,31480,17700,50700,3539,798,490,707.8,2749,752,366,549.8,66,WIN
The International 2022,Evil Geniuses,GroupStageDay2.2D_Game1,132600,26520,10500,40200,3317,859,408,663.4,2577,826,285,515.4,66,LOSE
The International 2022,Liquid,GroupStageDay2.2D_Game2,54300,10860,6300,17300,2631,781,307,526.2,2455,746,323,491,25,WIN
The International 2022,Evil Geniuses,GroupStageDay2.2D_Game2,41000,8200,3200,12200,2053,621,256,410.6,1888,535,233,377.6,25,LOSE
The International 2022,Thunder Awaken,GroupStageDay2.3D_Game1,77100,15420,6600,21400,3392,886,437,678.4,2550,716,278,510,34,WIN
The International 2022,Team Spirit,GroupStageDay2.3D_Game1,50300,10060,4600,14400,2304,629,280,460.8,1837,500,222,367.4,34,LOSE
The International 2022,Thunder Awaken,GroupStageDay2.3D_Game2,70300,14060,4000,22500,2767,833,303,553.4,2175,623,216,435,40,LOSE
The International 2022,Team Spirit,GroupStageDay2.3D_Game2,91700,18340,9100,27300,3488,948,478,697.6,2520,694,316,504,40,WIN
The International 2022,Evil Geniuses,GroupStageDay2.4D_Game1,62700,12540,6600,18500,2796,692,406,559.2,2387,651,284,477.4,29,WIN
The International 2022,Hokori,GroupStageDay2.4D_Game1,38900,7780,4100,13500,1776,610,206,355.2,1565,512,190,313,29,LOSE
The International 2022,Evil Geniuses,GroupStageDay2.4D_Game2,63200,12640,6000,18000,2873,689,419,574.6,2563,682,311,512.6,28,WIN
The International 2022,Hokori,GroupStageDay2.4D_Game2,42800,8560,4100,12700,1856,497,248,371.2,1694,480,223,338.8,28,LOSE
The International 2022,Tundra,GroupStageDay2.5D_Game1,57100,11420,6700,17000,2819,702,392,563.8,2563,716,318,512.6,25,WIN
The International 2022,Secret,GroupStageDay2.5D_Game1,34800,6960,4200,9500,1894,477,222,378.8,1619,446,211,323.8,25,LOSE
The International 2022,Tundra,GroupStageDay2.5D_Game2,67200,13440,6400,18500,3132,746,456,626.4,2430,662,302,486,30,WIN
The International 2022,Secret,GroupStageDay2.5D_Game2,50100,10020,4800,15400,2311,556,315,462.2,2016,586,234,403.2,30,LOSE
The International 2022,Beastcoast,GroupStageDay2.1E_Game1,91200,18240,8600,32300,3168,904,406,633.6,2615,874,305,523,39,WIN
The International 2022,Tundra,GroupStageDay2.1E_Game1,68400,13680,5200,22600,2146,591,262,429.2,2060,627,204,412,39,LOSE
The International 2022,Beastcoast,GroupStageDay2.1E_Game2,62700,12540,5600,20000,2513,589,397,502.6,2158,600,271,431.6,35,LOSE
The International 2022,Tundra,GroupStageDay2.1E_Game2,85000,17000,7600,26200,3291,954,472,658.2,2724,822,315,544.8,35,WIN
The International 2022,Hokori,GroupStageDay2.2E_Game1,79200,15840,7600,24600,3063,985,322,612.6,2331,726,267,466.2,46,LOSE
The International 2022,BetBoom,GroupStageDay2.2E_Game1,102000,20400,9900,29300,3635,886,466,727,2756,809,299,551.2,46,WIN
The International 2022,Hokori,GroupStageDay2.2E_Game2,68900,13780,6000,25200,2620,734,371,524,2222,739,269,444.4,34,WIN
The International 2022,BetBoom,GroupStageDay2.2E_Game2,56900,11380,6800,16200,2468,701,381,493.6,2022,539,311,404.4,34,LOSE
The International 2022,Tundra,GroupStageDay2.3E_Game1,161000,32200,13300,49700,3298,768,544,659.6,3086,947,311,617.2,57,WIN
The International 2022,Talon,GroupStageDay2.3E_Game1,91300,18260,7500,29800,2155,585,324,431,2048,589,236,409.6,57,LOSE
The International 2022,Tundra,GroupStageDay2.3E_Game2,101600,20320,10000,32000,3225,807,472,645,2518,649,329,503.6,45,WIN
The International 2022,Talon,GroupStageDay2.3E_Game2,79200,15840,8000,24700,2459,635,327,491.8,2008,615,263,401.6,45,LOSE
The International 2022,Boom Esport,GroupStageDay2.4E_Game1,123400,24680,17200,38600,3182,714,516,636.4,2565,751,363,513,55,WIN
The International 2022,BetBoom,GroupStageDay2.4E_Game1,81500,16300,7500,23400,2118,533,288,423.6,2003,527,207,400.6,55,LOSE
The International 2022,Boom Esport,GroupStageDay2.4E_Game2,61900,12380,4200,20000,1966,544,227,393.2,1780,531,172,356,42,LOSE
The International 2022,BetBoom,GroupStageDay2.4E_Game2,106100,21220,12000,32200,3480,880,477,696,2791,831,336,558.2,42,WIN
The International 2022,Beastcoast,GroupStageDay2.5E_Game1,32500,6500,2700,10900,1919,247,491,383.8,1622,495,181,324.4,23,LOSE
The International 2022,Aster,GroupStageDay2.5E_Game1,48700,9740,4400,14800,2925,778,407,585,2371,698,270,474.2,23,WIN
The International 2022,Beastcoast,GroupStageDay2.5E_Game2,51100,10220,5200,13700,2370,593,337,474,1900,511,255,380,33,LOSE
The International 2022,Aster,GroupStageDay2.5E_Game2,77200,15440,9000,20800,3517,855,474,703.4,2663,707,337,532.6,33,WIN
The International 2022,Evil Geniuses,GroupStageDay3.1A_Game1,86200,17240,9900,24500,3156,786,483,631.2,2421,652,335,484.2,40,WIN
The International 2022,BetBoom,GroupStageDay3.1A_Game1,55300,11060,3800,15700,2119,521,267,423.8,1780,516,218,356,40,LOSE
The International 2022,Evil Geniuses,GroupStageDay3.1A_Game2,29400,5880,3000,8600,2141,595,310,428.2,2898,520,241,579.6,18,WIN
The International 2022,BetBoom,GroupStageDay3.1A_Game2,21000,4200,1600,6400,1647,495,188,329.4,1382,394,146,276.4,18,LOSE
The International 2022,Secret,GroupStageDay3.2A_Game1,56600,11320,4000,15300,2290,602,292,458,1889,511,198,377.8,34,LOSE
The International 2022,Team Spirit,GroupStageDay3.2A_Game1,74300,14860,6200,21400,3301,946,315,660.2,2492,694,242,498.4,34,WIN
The International 2022,Secret,GroupStageDay3.2A_Game2,128400,25680,14900,37200,3433,826,600,686.6,2751,818,285,550.2,55,WIN
The International 2022,Team Spirit,GroupStageDay3.2A_Game2,98900,19780,11100,30800,2803,726,337,560.6,2266,661,267,453.2,55,LOSE
The International 2022,Liquid,GroupStageDay3.3A_Game1,96100,19220,7700,32700,3112,751,343,622.4,2359,730,268,471.8,49,WIN
The International 2022,OG,GroupStageDay3.3A_Game1,94100,18820,9100,32800,3372,888,501,674.4,2330,725,254,466,49,LOSE
The International 2022,Liquid,GroupStageDay3.3A_Game2,120400,24080,14100,35400,3281,851,442,656.2,2604,810,308,520.8,48,WIN
The International 2022,OG,GroupStageDay3.3A_Game2,90700,18140,6200,37200,2544,723,307,508.8,2282,817,212,456.4,48,LOSE
The International 2022,Secret,GroupStageDay3.4A_Game1,72900,14580,6300,22200,3120,800,369,624,2535,744,294,507,33,WIN
The International 2022,Entity,GroupStageDay3.4A_Game1,48900,9780,4900,15700,2111,727,252,422.2,1779,530,208,355.8,33,LOSE
The International 2022,Secret,GroupStageDay3.4A_Game2,79100,15820,6300,23100,3027,793,409,605.4,2495,704,284,499,34,WIN
The International 2022,Entity,GroupStageDay3.4A_Game2,57400,11480,4900,18000,2076,665,227,415.2,1980,627,210,396,34,LOSE
The International 2022,Liquid,GroupStageDay3.5A_Game1,57100,11420,5600,16200,2684,655,326,536.8,2261,618,263,452.2,28,WIN
The International 2022,Boom Esport,GroupStageDay3.5A_Game1,39300,7860,3200,12400,1918,606,253,383.6,1729,480,225,345.8,28,LOSE
The International 2022,Liquid,GroupStageDay3.5A_Game2,79600,15920,9100,20900,2884,700,412,576.8,2270,604,271,454,40,WIN
The International 2022,Boom Esport,GroupStageDay3.5A_Game2,62400,12480,5600,17700,2162,582,295,432.4,1843,499,223,368.6,40,LOSE
The International 2022,OG,GroupStageDay3.1B_Game1,70400,14080,6000,21800,2770,774,321,554,2346,676,269,469.2,33,WIN
The International 2022,Hokori,GroupStageDay3.1B_Game1,55000,11000,6600,17200,2072,511,290,414.4,1845,539,238,369,33,LOSE
The International 2022,OG,GroupStageDay3.1B_Game2,132600,26520,14300,40200,3121,796,388,624.2,2703,1000,268,540.6,60,LOSE
The International 2022,Hokori,GroupStageDay3.1B_Game2,136000,27200,11900,46600,3251,1000,398,650.2,2746,841,342,549.2,60,WIN
The International 2022,Beastcoast,GroupStageDay3.2B_Game1,69100,13820,6400,20900,2449,586,372,489.8,2338,678,274,467.6,32,WIN
The International 2022,Talon,GroupStageDay3.2B_Game1,57000,11400,4500,16700,2454,646,327,490.8,2086,569,205,417.2,32,LOSE
The International 2022,Beastcoast,GroupStageDay3.2B_Game2,78300,15660,7500,23600,3155,844,436,631,2689,781,320,537.8,33,WIN
The International 2022,Talon,GroupStageDay3.2B_Game2,56800,11360,5200,18600,2441,728,327,488.2,2045,705,242,409,33,LOSE
The International 2022,PSG.LGD,GroupStageDay3.3B_Game1,64000,12800,5700,19600,3092,825,469,618.4,2541,781,243,508.2,27,WIN
The International 2022,Boom Esport,GroupStageDay3.3B_Game1,37200,7440,3000,11800,1842,546,219,368.4,1579,461,170,315.8,27,LOSE
The International 2022,PSG.LGD,GroupStageDay3.3B_Game2,71900,14380,6200,22400,2996,764,376,599.2,2548,742,283,509.6,32,WIN
The International 2022,Boom Esport,GroupStageDay3.3B_Game2,50000,10000,4500,18500,2103,694,252,420.6,1769,622,204,353.8,32,LOSE
The International 2022,Fnatic,GroupStageDay3.4B_Game1,106400,21280,11300,31100,2977,683,449,595.4,2468,669,298,493.6,57,LOSE
The International 2022,Talon,GroupStageDay3.4B_Game1,134900,26980,15000,41500,3352,829,540,670.4,2776,791,332,555.2,57,WIN
The International 2022,Fnatic,GroupStageDay3.4B_Game2,64700,12940,6600,18400,2326,590,322,465.2,2001,508,286,400.2,41,LOSE
The International 2022,Talon,GroupStageDay3.4B_Game2,98400,19680,10400,30200,3507,890,524,701.4,2692,780,311,538.4,41,WIN
The International 2022,Evil Geniuses,GroupStageDay3.5B_Game1,53000,10600,5500,15600,2845,660,389,569,2325,657,291,465,26,WIN
The International 2022,Royal Never Give Up,GroupStageDay3.5B_Game1,34000,6800,2900,10700,1768,491,221,353.6,1514,438,181,302.8,26,LOSE
The International 2022,Evil Geniuses,GroupStageDay3.5B_Game2,64400,12880,6300,17700,2714,674,412,542.8,2259,603,281,451.8,33,WIN
The International 2022,Royal Never Give Up,GroupStageDay3.5B_Game2,49900,9980,4200,16600,2188,560,281,437.6,1747,566,203,349.4,33,LOSE
The International 2022,Boom Esport,GroupStageDay3.1C_Game1,52100,10420,3800,16100,1881,535,247,376.2,1753,496,186,350.6,35,LOSE
The International 2022,Soniqs,GroupStageDay3.1C_Game1,74500,14900,6700,24400,2854,697,383,570.8,2445,733,316,489,35,WIN
The International 2022,Boom Esport,GroupStageDay3.1C_Game2,77500,15500,7400,26500,2532,716,317,506.4,2045,642,235,409,45,LOSE
The International 2022,Soniqs,GroupStageDay3.1C_Game2,93500,18700,10700,32200,3259,789,502,651.8,2389,699,304,477.8,45,WIN
The International 2022,TSM,GroupStageDay3.2C_Game1,69600,13920,5200,20500,2897,709,406,579.4,2373,677,254,474.6,33,WIN
The International 2022,Entity,GroupStageDay3.2C_Game1,49200,9840,3800,15800,1847,564,223,369.4,1673,509,180,334.6,33,LOSE
The International 2022,TSM,GroupStageDay3.2C_Game2,79800,15960,5400,25900,2688,705,392,537.6,2280,703,220,456,42,LOSE
The International 2022,Entity,GroupStageDay3.2C_Game2,94000,18800,8600,31700,3184,838,457,636.8,2603,793,295,520.6,42,WIN
The International 2022,BetBoom,GroupStageDay3.3C_Game1,178600,35720,22700,50400,3242,697,554,648.4,2821,754,342,564.2,75,WIN
The International 2022,Soniqs,GroupStageDay3.3C_Game1,149600,29920,15800,43300,3045,736,488,609,2685,763,336,537,75,LOSE
The International 2022,BetBoom,GroupStageDay3.3C_Game2,158400,31680,19200,42100,3402,817,550,680.4,2883,757,389,576.6,63,WIN
The International 2022,Soniqs,GroupStageDay3.3C_Game2,111900,22380,12300,37200,3175,819,474,635,2352,750,290,470.4,63,LOSE
The International 2022,Tundra,GroupStageDay3.4C_Game1,80900,16180,8200,23600,3287,805,478,657.4,2562,733,312,512.4,35,WIN
The International 2022,Team Spirit,GroupStageDay3.4C_Game1,57600,11520,5500,19100,1999,217,540,399.8,1833,565,204,366.6,35,LOSE
The International 2022,Tundra,GroupStageDay3.4C_Game2,102000,20400,11300,34900,3146,747,549,629.2,2803,906,351,560.6,41,WIN
The International 2022,Team Spirit,GroupStageDay3.4C_Game2,68500,13700,4800,20900,2286,635,224,457.2,1986,549,207,397.2,41,LOSE
The International 2022,PSG.LGD,GroupStageDay3.5C_Game1,107000,21400,11100,28400,3633,852,582,726.6,2726,727,349,545.2,44,WIN
The International 2022,Gaimin Gladiators,GroupStageDay3.5C_Game1,76000,15200,4700,22300,2486,662,303,497.2,2024,554,192,404.8,44,LOSE
The International 2022,PSG.LGD,GroupStageDay3.5C_Game2,68900,13780,5900,24500,2330,624,284,466,2132,714,218,426.4,36,LOSE
The International 2022,Gaimin Gladiators,GroupStageDay3.5C_Game2,81300,16260,9500,22700,3380,927,425,676,2522,662,319,504.4,36,WIN
The International 2022,Liquid,GroupStageDay3.1D_Game1,85900,17180,9400,28800,2487,725,337,497.4,2045,611,281,409,50,LOSE
The International 2022,Gaimin Gladiators,GroupStageDay3.1D_Game1,128700,25740,13200,34100,3700,901,556,740,2740,718,315,548,50,WIN
The International 2022,Liquid,GroupStageDay3.1D_Game2,89800,17960,8200,27600,3383,953,461,676.6,2520,744,268,504,40,WIN
The International 2022,Gaimin Gladiators,GroupStageDay3.1D_Game2,68200,13640,9900,18300,2582,678,376,516.4,2047,497,326,409.4,40,LOSE
The International 2022,Fnatic,GroupStageDay3.2D_Game1,147500,29500,10600,38100,3074,693,445,614.8,2696,728,296,539.2,60,WIN
The International 2022,Aster,GroupStageDay3.2D_Game1,130700,26140,7100,64100,2329,659,242,465.8,2303,1000,245,460.6,60,LOSE
The International 2022,Fnatic,GroupStageDay3.2D_Game2,139000,27800,13700,40100,2993,706,471,598.6,2613,707,332,522.6,66,WIN
The International 2022,Aster,GroupStageDay3.2D_Game2,143900,28780,14000,48900,3052,745,420,610.4,2831,927,314,566.2,66,LOSE
The International 2022,Evil Geniuses,GroupStageDay3.3D_Game1,83700,16740,9100,27600,2899,670,455,579.8,2474,762,304,494.8,37,WIN
The International 2022,Gaimin Gladiators,GroupStageDay3.3D_Game1,56700,11340,6000,16600,1968,508,273,393.6,1828,491,228,365.6,37,LOSE
The International 2022,Evil Geniuses,GroupStageDay3.3D_Game2,75200,15040,7400,22300,2794,742,389,558.8,2399,708,279,479.8,35,WIN
The International 2022,Gaimin Gladiators,GroupStageDay3.3D_Game2,55000,11000,4900,17300,1980,544,231,396,1799,534,215,359.8,35,LOSE
The International 2022,Beastcoast,GroupStageDay3.4D_Game1,83400,16680,8700,28100,2649,707,336,529.8,2436,767,262,487.2,37,WIN
The International 2022,TSM,GroupStageDay3.4D_Game1,60400,12080,4700,17200,2231,611,294,446.2,1920,545,197,384,37,LOSE
The International 2022,Beastcoast,GroupStageDay3.4D_Game2,82400,16480,7100,25200,3481,951,416,696.2,2593,756,293,518.6,35,WIN
The International 2022,TSM,GroupStageDay3.4D_Game2,56200,11240,4100,19200,2027,567,205,405.4,1856,588,207,371.2,35,LOSE
The International 2022,BetBoom,GroupStageDay3.5D_Game1,77500,15500,8600,24800,3386,942,536,677.2,2519,764,321,503.8,36,WIN
The International 2022,OG,GroupStageDay3.5D_Game1,67800,13560,4400,20400,2552,761,234,510.4,2081,600,193,416.2,36,LOSE
The International 2022,BetBoom,GroupStageDay3.5D_Game2,47800,9560,5800,14300,2039,551,351,407.8,1776,482,258,355.2,33,LOSE
The International 2022,OG,GroupStageDay3.5D_Game2,73300,14660,7300,23400,2804,743,389,560.8,2420,754,264,484,33,WIN
The International 2022,PSG.LGD,GroupStageDay3.1E_Game1,58800,11760,6600,16300,2831,738,394,566.2,2366,659,302,473.2,28,WIN
The International 2022,Royal Never Give Up,GroupStageDay3.1E_Game1,40900,8180,4200,14400,1997,545,269,399.4,1632,505,184,326.4,28,LOSE
The International 2022,Thunder Awaken,GroupStageDay3.2E_Game1,101900,20380,7100,41900,3028,817,426,605.6,2604,873,238,520.8,47,WIN
The International 2022,Tundra,GroupStageDay3.2E_Game1,97700,19540,11600,27200,3212,778,514,642.4,2499,665,319,499.8,47,LOSE
The International 2022,Thunder Awaken,GroupStageDay3.2E_Game2,48800,9760,3800,18100,1953,552,206,390.6,1731,556,182,346.2,34,LOSE
The International 2022,Tundra,GroupStageDay3.2E_Game2,78800,15760,8700,20900,3234,798,470,646.8,2563,681,326,512.6,34,WIN
The International 2022,Royal Never Give Up,GroupStageDay3.3E_Game1,113000,22600,8800,36200,2904,741,417,580.8,2316,685,258,463.2,64,LOSE
The International 2022,Hokori,GroupStageDay3.3E_Game1,151100,30220,17600,46300,3326,832,429,665.2,2627,855,325,525.4,65,WIN
The International 2022,Royal Never Give Up,GroupStageDay3.3E_Game2,89800,17960,5900,29700,2629,780,267,525.8,2308,689,252,461.6,47,LOSE
The International 2022,Hokori,GroupStageDay3.3E_Game2,96300,19260,7700,38600,2888,743,331,577.6,2391,856,262,478.2,47,WIN
The International 2022,Thunder Awaken,GroupStageDay3.4E_Game1,48000,9600,4900,14900,3072,802,447,614.4,2321,687,241,464.2,24,WIN
The International 2022,Aster,GroupStageDay3.4E_Game1,35600,7120,2700,10500,1916,520,181,383.2,1653,458,171,330.6,24,LOSE
The International 2022,Thunder Awaken,GroupStageDay3.4E_Game2,61800,12360,4800,20400,2192,621,293,438.4,1843,572,194,368.6,40,LOSE
The International 2022,Aster,GroupStageDay3.4E_Game2,80400,16080,7700,26700,2958,772,399,591.6,2244,685,276,448.8,40,WIN
The International 2022,Hokori,GroupStageDay3.5E_Game1,76300,15260,6200,28700,2890,845,299,578,2439,881,265,487.8,37,WIN
The International 2022,Soniqs,GroupStageDay3.5E_Game1,64400,12880,5900,19300,2397,671,317,479.4,1912,539,204,382.4,37,LOSE
The International 2022,Hokori,GroupStageDay3.5E_Game2,97600,19520,9500,34400,3207,925,419,641.4,2532,896,304,506.4,43,WIN
The International 2022,Soniqs,GroupStageDay3.5E_Game2,78700,15740,6000,27800,2639,720,392,527.8,2182,681,259,436.4,43,LOSE
The International 2022,Talon,GroupStageDay4.1A_Game1,95300,19060,7700,35800,3020,825,352,604,2323,716,274,464.6,44,WIN
The International 2022,Entity,GroupStageDay4.1A_Game1,69200,13840,5600,25300,2543,696,391,508.6,1890,624,207,378,44,LOSE
The International 2022,Talon,GroupStageDay4.1A_Game2,75300,15060,7200,24800,3087,803,453,617.4,2375,746,247,475,35,WIN
The International 2022,Entity,GroupStageDay4.1A_Game2,49800,9960,4200,17800,1992,632,298,398.4,1688,542,209,337.6,35,LOSE
The International 2022,Royal Never Give Up,GroupStageDay4.2A_Game1,49800,9960,3400,15700,2132,550,237,426.4,1736,514,176,347.2,33,LOSE
The International 2022,OG,GroupStageDay4.2A_Game1,74000,14800,9300,22700,2818,746,418,563.6,2458,721,326,491.6,33,WIN
The International 2022,OG,GroupStageDay4.2A_Game2,68700,13740,6400,18100,3145,763,378,629,2307,587,256,461.4,33,WIN
The International 2022,Royal Never Give Up,GroupStageDay4.2A_Game2,49700,9940,5000,16200,2149,608,241,429.8,1784,532,188,356.8,33,LOSE
The International 2022,Team Spirit,GroupStageDay4.3A_Game1,79700,15940,5400,25000,2460,706,287,492,2109,614,213,421.8,44,LOSE
The International 2022,Aster,GroupStageDay4.3A_Game1,101300,20260,8900,32700,3101,824,412,620.2,2369,684,280,473.8,44,WIN
The International 2022,Team Spirit,GroupStageDay4.3A_Game2,36300,7260,4200,10800,2406,613,327,481.2,2035,589,245,407,20,WIN
The International 2022,Aster,GroupStageDay4.3A_Game2,28200,5640,2800,8900,1617,511,186,323.4,1514,465,165,302.8,20,LOSE
